duelist_id,card_id,weight
1,9,72
1,17,1
1,18,1
1,19,1
1,20,1
1,21,1
1,24,72
1,58,72
1,123,72
1,167,80
1,192,72
1,289,72
1,338,48
1,343,100
1,387,72
1,394,80
1,395,72
1,397,70
1,398,80
1,399,70
1,402,80
1,411,80
1,428,75
1,469,80
1,475,80
1,484,80
1,499,80
1,504,72
1,527,80
1,547,80
1,548,72
1,635,80
2,9,2
2,24,300
2,56,2
2,58,300
2,105,2
2,123,2
2,167,2
2,192,2
2,197,2
2,278,2
2,289,2
2,338,300
2,344,120
2,387,2
2,393,400
2,394,2
2,395,300
2,397,2
2,398,2
2,399,300
2,402,2
3,4,2
3,9,120
3,16,2
3,29,2
3,100,2
3,123,120
3,167,72
3,192,120
3,289,120
3,339,72
3,344,120
3,387,120
3,397,120
3,402,72
3,411,120
3,428,120
3,469,72
3,484,120
3,504,120
3,547,120
3,548,120
3,558,72
3,635,120
4,24,160
4,58,160
4,167,120
4,339,64
4,350,120
4,393,160
4,394,160
4,395,160
4,398,160
4,399,160
4,402,120
4,469,120
4,475,120
4,484,2
4,485,2
4,488,2
4,499,120
4,504,2
4,516,2
4,527,120
4,541,2
4,547,2
4,548,2
4,558,2
4,563,2
4,635,2
4,644,2
5,5,16
5,8,10
5,9,1
5,24,1
5,28,1
5,29,20
5,30,1
5,45,36
5,47,10
5,48,20
5,75,10
5,96,36
5,97,44
5,98,4
5,100,16
5,107,10
5,108,44
5,113,16
5,114,16
5,116,16
5,129,16
5,132,1
5,134,10
5,135,1
5,139,44
5,140,1
5,143,16
5,144,20
5,145,10
5,146,1
5,147,16
5,148,16
5,152,1
5,153,1
5,154,1
5,155,10
5,156,16
5,158,10
5,160,16
5,161,16
5,167,1
5,173,20
5,175,16
5,176,10
5,177,20
5,178,10
5,180,10
5,183,10
5,184,16
5,187,16
5,188,16
5,189,20
5,190,10
5,191,1
5,195,10
5,196,1
5,197,1
5,199,36
5,203,20
5,205,32
5,206,40
5,208,16
5,209,8
5,211,2
5,215,16
5,218,16
5,222,8
5,224,16
5,226,16
5,227,2
5,228,2
5,232,8
5,237,1
5,238,8
5,239,16
5,240,16
5,241,1
5,243,40
5,244,20
5,247,16
5,253,8
5,257,1
5,258,1
5,263,1
5,264,8
5,265,32
5,266,16
5,267,16
5,270,2
5,271,16
5,277,16
5,282,8
5,283,8
5,289,1
5,292,19
5,298,8
5,300,19
5,339,32
5,345,64
5,359,3
5,361,1
5,367,1
5,393,1
5,398,1
5,417,16
5,421,13
5,429,18
5,430,1
5,431,1
5,432,19
5,435,1
5,444,1
5,445,1
5,446,1
5,450,1
5,451,41
5,452,3
5,455,1
5,457,1
5,461,3
5,463,35
5,474,1
5,476,9
5,477,18
5,478,9
5,479,16
5,481,18
5,484,1
5,489,16
5,490,13
5,503,43
5,505,19
5,510,9
5,516,1
5,524,1
5,534,19
5,536,9
5,537,6
5,538,16
5,539,19
5,544,9
5,548,1
5,549,1
5,550,1
5,556,19
5,558,1
5,569,16
5,573,9
5,583,1
5,585,9
5,586,18
5,590,16
5,591,3
5,592,13
5,599,1
5,602,1
5,604,18
5,605,28
5,606,41
5,610,41
5,615,1
5,634,1
5,640,19
5,646,1
5,647,1
6,4,18
6,9,1
6,24,1
6,28,20
6,29,10
6,30,4
6,40,10
6,45,4
6,47,20
6,48,10
6,59,10
6,61,10
6,65,10
6,96,4
6,97,20
6,98,1
6,100,18
6,108,20
6,113,18
6,114,18
6,116,18
6,118,10
6,132,4
6,133,18
6,135,1
6,138,10
6,139,20
6,140,20
6,141,10
6,142,18
6,143,18
6,144,10
6,146,1
6,152,1
6,153,4
6,154,1
6,155,20
6,167,1
6,169,10
6,172,10
6,173,10
6,175,18
6,177,40
6,178,20
6,180,20
6,181,10
6,188,18
6,189,10
6,190,20
6,191,1
6,196,1
6,197,1
6,199,38
6,203,1
6,205,38
6,206,20
6,211,1
6,215,46
6,218,8
6,224,8
6,226,16
6,227,1
6,228,38
6,231,8
6,237,1
6,239,8
6,241,1
6,243,20
6,244,38
6,247,16
6,250,8
6,252,8
6,253,20
6,257,20
6,258,2
6,260,16
6,263,2
6,264,20
6,265,2
6,266,8
6,269,8
6,270,38
6,276,8
6,277,8
6,279,16
6,282,20
6,283,20
6,288,8
6,289,1
6,292,1
6,295,16
6,296,8
6,298,20
6,300,8
6,339,64
6,345,32
6,359,38
6,361,1
6,367,1
6,387,2
6,393,1
6,394,2
6,395,2
6,397,2
6,398,1
6,399,2
6,402,2
6,410,2
6,411,2
6,417,16
6,422,2
6,429,12
6,430,1
6,431,6
6,432,46
6,435,1
6,444,1
6,445,1
6,446,30
6,450,2
6,451,6
6,452,1
6,455,1
6,457,1
6,461,38
6,463,38
6,474,1
6,477,12
6,478,20
6,479,16
6,481,12
6,484,1
6,489,16
6,503,20
6,505,46
6,516,1
6,524,1
6,530,12
6,534,8
6,537,1
6,538,16
6,539,46
6,548,1
6,549,1
6,550,1
6,556,1
6,558,1
6,559,12
6,568,16
6,569,16
6,573,20
6,580,8
6,583,1
6,585,20
6,588,8
6,590,16
6,591,1
6,592,16
6,599,1
6,602,1
6,605,44
6,606,6
6,610,30
6,612,16
6,615,1
6,634,1
6,640,8
6,646,20
6,647,1
7,3,12
7,5,12
7,8,1
7,9,48
7,16,48
7,23,12
7,26,12
7,27,64
7,34,12
7,38,8
7,40,1
7,58,64
7,75,1
7,76,1
7,77,12
7,91,12
7,101,1
7,105,48
7,123,64
7,130,32
7,133,1
7,137,32
7,157,1
7,158,1
7,167,32
7,176,1
7,180,1
7,192,48
7,197,48
7,202,32
7,210,12
7,237,32
7,238,1
7,273,1
7,274,1
7,289,48
7,291,1
7,330,12
7,331,12
7,332,12
7,333,12
7,334,12
7,335,12
7,336,64
7,341,10
7,346,10
7,348,32
7,349,32
7,377,12
7,379,12
7,387,48
7,397,32
7,402,32
7,410,48
7,411,32
7,422,48
7,428,48
7,436,48
7,444,32
7,469,32
7,484,32
7,485,32
7,488,64
7,489,1
7,504,48
7,510,1
7,511,1
7,516,48
7,541,32
7,547,64
7,548,48
7,558,64
7,563,32
7,567,1
7,579,4
7,588,1
7,589,12
7,620,1
7,635,32
7,644,64
7,670,64
8,17,32
8,18,32
8,19,32
8,20,32
8,21,32
8,35,32
8,37,32
8,38,32
8,57,32
8,67,32
8,69,32
8,217,32
8,320,32
8,337,32
8,342,32
8,347,32
8,356,32
8,358,32
8,360,32
8,369,32
8,370,32
8,371,32
8,372,32
8,373,32
8,385,32
8,386,32
8,390,32
8,391,32
8,401,32
8,407,32
8,426,32
8,427,32
8,442,32
8,453,32
8,467,32
8,471,32
8,500,32
8,509,32
8,564,32
8,613,32
8,645,32
8,657,32
8,661,32
8,669,32
8,672,32
8,686,32
8,687,32
8,688,32
8,689,32
8,703,32
8,704,32
8,705,32
8,706,32
8,707,32
8,708,32
8,709,32
8,710,32
8,711,32
8,713,32
8,714,32
8,715,32
8,716,32
8,717,32
8,718,32
9,8,16
9,50,32
9,59,1
9,75,16
9,80,1
9,98,24
9,101,32
9,102,32
9,104,32
9,105,16
9,107,16
9,122,32
9,130,16
9,134,16
9,135,32
9,137,16
9,145,16
9,152,32
9,154,32
9,157,32
9,158,16
9,159,32
9,174,32
9,176,16
9,179,32
9,182,32
9,183,16
9,185,32
9,191,32
9,195,16
9,198,30
9,200,30
9,202,16
9,203,16
9,207,30
9,209,16
9,210,30
9,211,30
9,212,30
9,214,32
9,218,4
9,222,16
9,227,30
9,229,30
9,232,16
9,237,16
9,238,16
9,242,32
9,245,32
9,254,32
9,261,30
9,268,32
9,285,30
9,292,16
9,326,64
9,331,40
9,420,32
9,452,30
9,476,16
9,486,32
9,492,32
9,501,24
9,506,32
9,510,16
9,524,24
9,536,16
9,537,24
9,540,30
9,544,16
9,549,36
9,556,16
9,562,24
9,568,2
9,570,1
9,573,1
9,579,34
9,589,30
9,591,30
9,598,34
9,602,34
9,609,30
9,611,34
9,628,24
10,3,16
10,8,1
10,10,16
10,23,16
10,25,16
10,28,8
10,30,12
10,34,12
10,40,8
10,50,1
10,53,72
10,56,32
10,59,8
10,60,8
10,61,8
10,64,8
10,65,8
10,72,32
10,75,1
10,76,12
10,80,12
10,103,12
10,109,16
10,110,12
10,112,16
10,115,8
10,116,1
10,118,8
10,119,16
10,120,12
10,121,8
10,123,1
10,132,12
10,138,8
10,140,8
10,141,24
10,146,16
10,153,12
10,157,1
10,158,1
10,162,12
10,164,12
10,165,12
10,169,8
10,171,16
10,172,8
10,180,2
10,181,8
10,196,16
10,201,16
10,209,1
10,219,12
10,220,12
10,221,48
10,225,16
10,231,8
10,233,8
10,234,8
10,235,12
10,236,16
10,238,1
10,241,8
10,246,12
10,248,16
10,250,8
10,251,12
10,252,8
10,256,16
10,257,8
10,258,12
10,259,12
10,262,12
10,263,12
10,269,8
10,272,16
10,273,48
10,274,48
10,276,8
10,278,1
10,280,12
10,284,12
10,288,8
10,290,12
10,291,12
10,293,16
10,294,12
10,296,8
10,299,12
10,305,50
10,306,50
10,330,48
10,354,12
10,361,16
10,363,8
10,367,48
10,381,8
10,397,1
10,406,12
10,414,12
10,430,8
10,431,12
10,435,16
10,445,12
10,450,12
10,455,12
10,457,16
10,474,8
10,476,1
10,477,1
10,478,2
10,479,1
10,480,48
10,485,1
10,488,1
10,489,1
10,496,16
10,499,1
10,501,1
10,502,8
10,506,1
10,510,1
10,514,12
10,534,1
10,543,16
10,546,16
10,547,1
10,550,12
10,552,16
10,553,12
10,560,12
10,561,16
10,562,1
10,566,12
10,567,48
10,570,12
10,574,12
10,576,48
10,579,1
10,580,8
10,584,12
10,588,24
10,589,1
10,599,12
10,600,16
10,601,12
10,603,12
10,608,8
10,609,1
10,615,16
10,616,12
10,620,48
10,629,12
10,640,1
10,642,12
10,643,12
10,646,8
10,647,8
11,2,8
11,6,16
11,7,20
11,13,64
11,26,16
11,27,16
11,31,16
11,32,8
11,36,16
11,41,20
11,43,16
11,44,20
11,46,16
11,49,16
11,51,16
11,54,20
11,55,16
11,60,8
11,62,80
11,63,2
11,64,8
11,66,16
11,70,20
11,71,16
11,77,16
11,81,8
11,95,12
11,115,8
11,117,64
11,121,8
11,125,64
11,136,16
11,149,16
11,151,16
11,163,16
11,166,16
11,168,12
11,170,8
11,186,48
11,193,16
11,194,16
11,207,1
11,216,16
11,230,16
11,233,8
11,234,8
11,241,8
11,249,16
11,255,16
11,272,1
11,275,16
11,281,16
11,287,16
11,297,16
11,300,1
11,316,20
11,317,20
11,318,80
11,321,20
11,332,20
11,336,20
11,340,20
11,349,20
11,351,8
11,352,8
11,353,16
11,363,8
11,377,8
11,379,8
11,381,8
11,384,16
11,386,1
11,412,16
11,415,20
11,416,20
11,418,16
11,430,8
11,433,20
11,440,16
11,447,16
11,454,16
11,456,16
11,459,16
11,462,8
11,466,40
11,470,16
11,474,8
11,497,16
11,502,8
11,507,8
11,511,16
11,512,16
11,515,16
11,523,8
11,532,8
11,535,20
11,538,1
11,551,8
11,552,1
11,578,20
11,581,40
11,583,12
11,587,16
11,595,48
11,596,8
11,597,16
11,607,20
11,608,8
11,623,16
11,625,16
11,626,16
11,630,16
11,631,8
11,634,12
11,636,32
11,647,8
11,649,12
11,672,20
11,683,20
11,690,20
12,2,25
12,6,20
12,7,12
12,9,1
12,13,12
12,24,1
12,26,20
12,27,20
12,30,1
12,31,20
12,32,25
12,36,83
12,41,12
12,43,20
12,44,12
12,46,20
12,49,20
12,51,20
12,54,12
12,55,20
12,62,20
12,66,20
12,70,12
12,71,20
12,78,24
12,81,25
12,83,24
12,86,18
12,91,20
12,95,52
12,96,1
12,97,1
12,98,1
12,108,1
12,117,10
12,125,10
12,127,20
12,128,20
12,132,1
12,135,1
12,136,20
12,139,1
12,146,1
12,149,10
12,153,1
12,154,1
12,163,10
12,168,22
12,170,24
12,197,1
12,203,1
12,215,1
12,216,10
12,228,1
12,230,20
12,241,1
12,249,10
12,275,4
12,283,1
12,287,10
12,297,24
12,325,80
12,351,54
12,352,24
12,353,20
12,359,1
12,368,44
12,377,24
12,379,24
12,384,10
12,391,12
12,394,1
12,404,16
12,405,35
12,406,1
12,410,1
12,411,1
12,412,24
12,414,1
12,415,35
12,416,35
12,417,1
12,418,4
12,420,1
12,421,1
12,422,1
12,433,16
12,440,10
12,447,10
12,448,20
12,460,20
12,462,24
12,466,23
12,470,44
12,493,16
12,497,10
12,498,23
12,507,24
12,511,20
12,512,44
12,514,1
12,517,20
12,523,24
12,532,24
12,539,1
12,544,1
12,548,1
12,551,24
12,556,1
12,580,1
12,585,1
12,587,20
12,595,20
12,596,54
12,597,20
12,621,16
12,624,16
12,625,20
12,626,20
12,631,24
12,636,24
12,643,1
12,648,44
12,658,64
13,16,32
13,50,20
13,51,1
13,60,1
13,70,1
13,71,1
13,76,1
13,77,1
13,104,32
13,105,32
13,122,20
13,130,45
13,135,20
13,137,45
13,140,1
13,152,64
13,154,20
13,174,32
13,177,1
13,182,20
13,185,32
13,191,20
13,193,1
13,196,1
13,197,32
13,199,1
13,202,40
13,205,1
13,206,1
13,207,32
13,210,32
13,214,20
13,227,16
13,230,1
13,237,40
13,242,20
13,243,1
13,245,20
13,247,1
13,249,1
13,251,1
13,258,1
13,265,1
13,268,20
13,270,1
13,285,16
13,289,16
13,292,4
13,309,36
13,320,36
13,334,48
13,340,36
13,353,1
13,361,1
13,381,1
13,393,1
13,398,1
13,410,32
13,420,20
13,422,32
13,430,1
13,431,1
13,432,1
13,435,1
13,436,100
13,440,1
13,444,132
13,445,1
13,446,1
13,447,1
13,448,1
13,450,1
13,451,1
13,452,16
13,474,1
13,475,1
13,484,10
13,485,40
13,486,30
13,488,32
13,492,20
13,497,1
13,501,40
13,503,1
13,507,1
13,516,32
13,524,132
13,536,4
13,541,40
13,543,1
13,546,1
13,549,64
13,550,1
13,558,20
13,563,40
13,566,1
13,569,1
13,579,30
13,583,1
13,589,32
13,590,1
13,598,30
13,599,1
13,602,30
13,605,1
13,606,1
13,611,30
13,615,1
13,624,1
13,625,1
13,626,1
13,628,40
13,630,1
13,634,1
13,644,30
13,646,1
13,647,1
13,655,32
14,2,32
14,14,24
14,16,1
14,32,12
14,34,1
14,42,1
14,44,1
14,78,16
14,81,12
14,83,24
14,86,24
14,87,32
14,89,32
14,91,16
14,93,16
14,94,32
14,104,1
14,106,48
14,109,1
14,111,72
14,114,1
14,115,1
14,124,24
14,126,4
14,127,16
14,128,48
14,129,1
14,130,1
14,131,32
14,134,1
14,142,1
14,143,1
14,144,1
14,145,1
14,150,24
14,170,32
14,174,1
14,179,1
14,183,1
14,184,1
14,190,1
14,192,1
14,198,1
14,204,24
14,208,1
14,213,32
14,216,1
14,220,1
14,229,1
14,253,1
14,259,1
14,260,1
14,264,1
14,268,1
14,276,1
14,284,1
14,311,32
14,323,32
14,335,16
14,336,32
14,341,32
14,349,80
14,351,12
14,352,12
14,362,32
14,363,1
14,366,32
14,368,16
14,377,16
14,379,16
14,387,1
14,395,1
14,396,32
14,404,24
14,405,24
14,413,16
14,425,24
14,428,1
14,429,1
14,433,1
14,448,16
14,460,16
14,462,12
14,468,16
14,486,1
14,487,16
14,491,16
14,492,1
14,493,64
14,495,8
14,498,16
14,507,12
14,508,16
14,517,16
14,519,24
14,523,16
14,525,48
14,530,1
14,532,32
14,540,1
14,542,32
14,551,32
14,557,16
14,574,1
14,578,1
14,584,1
14,592,1
14,593,16
14,596,16
14,601,1
14,608,1
14,612,1
14,614,32
14,616,1
14,621,32
14,622,48
14,624,32
14,628,1
14,631,32
14,632,24
14,633,48
14,636,16
14,639,16
14,641,32
14,648,24
14,683,32
14,689,32
14,690,32
15,3,8
15,4,8
15,7,8
15,10,8
15,13,8
15,14,8
15,15,32
15,23,8
15,26,8
15,27,8
15,29,8
15,31,8
15,40,8
15,42,48
15,44,8
15,45,8
15,46,8
15,47,8
15,61,8
15,62,8
15,64,8
15,65,8
15,68,8
15,91,8
15,94,8
15,113,8
15,117,8
15,121,8
15,122,8
15,125,8
15,155,8
15,159,8
15,163,8
15,168,8
15,186,8
15,187,8
15,188,8
15,189,8
15,200,8
15,201,8
15,202,8
15,207,8
15,212,8
15,219,8
15,246,8
15,248,8
15,252,8
15,255,8
15,272,8
15,282,8
15,287,8
15,296,8
15,298,8
15,300,8
15,329,120
15,337,160
15,357,48
15,376,32
15,381,48
15,382,48
15,383,48
15,384,48
15,385,48
15,403,8
15,404,8
15,423,32
15,464,8
15,466,8
15,468,8
15,473,24
15,481,8
15,482,24
15,487,8
15,491,8
15,496,8
15,527,8
15,528,48
15,538,8
15,541,8
15,552,8
15,561,8
15,565,24
15,577,64
15,581,8
15,587,8
15,595,8
15,597,8
15,598,8
15,603,8
15,604,8
15,607,8
15,629,8
15,636,8
15,642,8
15,668,120
15,672,120
15,684,120
15,690,120
15,712,48
15,713,8
16,4,10
16,7,10
16,10,10
16,31,10
16,60,10
16,70,10
16,71,10
16,73,10
16,89,80
16,94,10
16,122,10
16,131,10
16,140,10
16,150,10
16,152,10
16,168,10
16,177,10
16,193,10
16,196,10
16,199,10
16,200,10
16,205,10
16,206,10
16,217,10
16,223,80
16,227,10
16,230,10
16,243,10
16,247,10
16,249,10
16,251,10
16,258,10
16,265,10
16,270,10
16,289,10
16,292,10
16,296,10
16,298,10
16,334,80
16,341,80
16,348,160
16,349,80
16,353,10
16,357,10
16,361,10
16,383,10
16,393,10
16,398,10
16,430,10
16,431,10
16,432,10
16,435,10
16,436,10
16,439,10
16,440,10
16,442,80
16,443,80
16,444,10
16,445,10
16,446,10
16,447,10
16,448,10
16,449,80
16,450,10
16,451,80
16,452,10
16,474,10
16,484,10
16,494,10
16,497,12
16,503,10
16,507,12
16,519,12
16,524,8
16,542,12
16,543,12
16,546,12
16,549,12
16,550,12
16,561,10
16,565,12
16,583,12
16,593,12
16,599,12
16,602,12
16,603,10
16,605,12
16,606,12
16,613,12
16,615,12
16,617,12
16,624,12
16,625,12
16,626,12
16,634,12
16,639,12
16,646,12
16,647,12
16,664,80
16,672,80
16,692,80
17,1,45
17,3,1
17,4,1
17,5,1
17,7,1
17,10,1
17,12,24
17,14,24
17,15,18
17,23,1
17,26,1
17,31,1
17,34,1
17,42,18
17,68,24
17,69,1
17,73,24
17,74,24
17,77,1
17,84,24
17,87,24
17,88,24
17,89,16
17,91,4
17,93,32
17,94,32
17,106,24
17,111,16
17,122,1
17,124,24
17,126,24
17,131,16
17,150,24
17,168,2
17,200,1
17,204,24
17,213,32
17,286,24
17,296,1
17,298,1
17,320,32
17,336,32
17,348,32
17,355,24
17,357,32
17,362,16
17,366,16
17,375,24
17,376,16
17,377,2
17,379,2
17,382,16
17,383,64
17,389,24
17,396,32
17,400,24
17,403,24
17,413,32
17,423,8
17,425,24
17,434,32
17,439,24
17,441,24
17,449,24
17,458,24
17,464,24
17,468,32
17,473,16
17,482,16
17,487,32
17,491,32
17,494,32
17,495,32
17,508,32
17,513,32
17,519,24
17,525,24
17,528,16
17,542,16
17,554,23
17,557,32
17,561,1
17,565,16
17,577,8
17,593,32
17,603,1
17,614,16
17,617,24
17,622,24
17,632,24
17,633,24
17,637,24
17,638,24
17,639,32
17,641,24
17,650,32
17,661,64
17,669,32
17,675,45
18,3,12
18,5,1
18,6,6
18,7,12
18,10,20
18,13,12
18,25,42
18,41,12
18,44,12
18,48,1
18,53,12
18,54,12
18,58,1
18,60,24
18,64,24
18,70,12
18,76,20
18,77,20
18,80,20
18,83,1
18,84,1
18,86,1
18,87,1
18,88,1
18,95,2
18,102,1
18,103,4
18,109,12
18,112,24
18,115,24
18,117,12
18,119,24
18,121,24
18,125,12
18,136,4
18,137,1
18,146,12
18,148,1
18,149,24
18,151,20
18,162,2
18,163,12
18,164,40
18,166,20
18,169,1
18,171,24
18,173,1
18,175,1
18,178,1
18,181,1
18,186,20
18,193,20
18,194,40
18,196,12
18,201,12
18,204,1
18,216,12
18,220,20
18,222,1
18,225,12
18,232,1
18,233,48
18,234,24
18,236,12
18,240,1
18,241,24
18,242,1
18,245,1
18,248,12
18,249,12
18,254,1
18,255,20
18,256,12
18,259,20
18,261,1
18,269,1
18,271,1
18,272,12
18,275,20
18,277,1
18,279,1
18,280,20
18,281,40
18,287,12
18,288,1
18,291,20
18,293,12
18,295,1
18,297,12
18,335,12
18,341,24
18,346,12
18,361,12
18,363,24
18,367,20
18,377,1
18,379,1
18,381,24
18,384,12
18,402,1
18,406,20
18,412,12
18,418,20
18,430,24
18,435,16
18,440,12
18,445,20
18,447,12
18,454,20
18,455,20
18,456,20
18,457,12
18,459,20
18,474,24
18,480,16
18,490,1
18,496,12
18,497,12
18,498,1
18,502,24
18,504,1
18,514,20
18,515,20
18,523,1
18,535,16
18,550,20
18,552,12
18,560,44
18,561,12
18,563,1
18,574,20
18,578,16
18,581,20
18,583,20
18,599,20
18,600,32
18,603,20
18,607,16
18,608,24
18,611,1
18,615,16
18,616,20
18,620,12
18,623,20
18,630,20
18,634,20
18,643,20
18,647,24
18,649,20
18,650,1
19,4,8
19,9,8
19,12,72
19,14,72
19,15,72
19,16,36
19,28,40
19,29,36
19,40,36
19,43,72
19,51,72
19,61,72
19,64,72
19,68,72
19,78,72
19,82,72
19,100,36
19,101,36
19,123,8
19,133,36
19,167,8
19,176,8
19,192,8
19,210,8
19,289,8
19,291,36
19,324,80
19,330,70
19,331,70
19,332,70
19,333,70
19,334,70
19,335,70
19,347,100
19,387,8
19,389,72
19,397,8
19,402,8
19,411,8
19,428,8
19,469,8
19,473,36
19,484,8
19,504,8
19,547,8
19,548,8
19,558,8
19,635,8
19,644,8
19,651,80
19,654,80
20,24,32
20,58,32
20,90,80
20,109,48
20,111,80
20,126,48
20,130,48
20,134,48
20,170,48
20,192,32
20,198,48
20,208,48
20,229,48
20,260,48
20,264,48
20,276,48
20,312,80
20,320,48
20,321,80
20,330,48
20,331,48
20,332,48
20,333,48
20,334,48
20,335,48
20,393,32
20,395,32
20,396,80
20,399,32
20,429,48
20,492,48
20,540,48
20,582,48
20,584,48
20,592,48
20,601,48
20,608,48
20,616,48
20,633,80
20,659,80
21,51,16
21,60,8
21,70,8
21,71,8
21,73,48
21,76,8
21,77,8
21,89,40
21,131,48
21,140,8
21,150,48
21,177,2
21,193,8
21,196,8
21,199,2
21,205,2
21,206,2
21,223,48
21,230,16
21,243,2
21,247,2
21,249,16
21,251,8
21,258,8
21,270,2
21,334,160
21,348,48
21,353,16
21,361,8
21,381,8
21,400,48
21,425,48
21,430,8
21,431,8
21,432,2
21,435,8
21,436,48
21,437,48
21,439,48
21,440,16
21,441,48
21,443,48
21,445,8
21,446,2
21,447,16
21,448,16
21,449,48
21,450,8
21,458,48
21,459,8
21,460,16
21,461,8
21,462,16
21,463,6
21,474,8
21,494,48
21,497,16
21,503,8
21,507,16
21,518,48
21,519,48
21,520,48
21,542,48
21,543,8
21,546,8
21,550,8
21,565,48
21,566,8
21,569,8
21,583,8
21,590,8
21,593,48
21,599,8
21,605,8
21,610,48
21,615,8
21,617,48
21,624,16
21,625,16
21,626,16
21,630,8
21,634,8
21,639,48
21,646,8
21,647,8
21,664,120
21,700,48
22,2,8
22,14,24
22,32,8
22,34,2
22,35,40
22,42,24
22,44,8
22,60,2
22,70,8
22,71,8
22,73,24
22,78,8
22,81,4
22,83,2
22,86,2
22,87,24
22,89,24
22,90,32
22,91,2
22,93,24
22,94,24
22,106,24
22,109,2
22,111,24
22,115,2
22,124,24
22,126,24
22,127,2
22,128,2
22,131,24
22,140,2
22,150,24
22,170,2
22,193,2
22,196,2
22,204,24
22,213,24
22,216,2
22,220,2
22,223,32
22,230,2
22,249,2
22,251,2
22,258,2
22,259,2
22,276,2
22,284,2
22,311,40
22,315,40
22,323,40
22,328,80
22,334,72
22,337,40
22,351,2
22,352,2
22,353,2
22,361,2
22,362,24
22,363,2
22,366,24
22,368,2
22,372,40
22,373,40
22,377,2
22,379,2
22,396,24
22,404,2
22,405,2
22,413,24
22,425,24
22,430,2
22,431,2
22,433,2
22,435,2
22,437,24
22,439,24
22,440,2
22,441,24
22,442,40
22,443,32
22,445,2
22,447,2
22,448,2
22,449,24
22,450,2
22,458,24
22,459,2
22,460,2
22,462,2
22,468,24
22,474,2
22,487,24
22,491,24
22,493,2
22,494,24
22,495,24
22,497,2
22,498,2
22,507,2
22,508,24
22,517,2
22,518,32
22,519,24
22,520,32
22,523,2
22,525,24
22,532,2
22,542,24
22,543,2
22,546,2
22,550,2
22,551,2
22,557,24
22,565,24
22,574,2
22,578,2
22,582,24
22,583,2
22,584,2
22,593,24
22,596,2
22,599,2
22,601,2
22,608,2
22,614,24
22,615,2
22,616,2
22,617,24
22,619,24
22,621,2
22,622,24
22,624,24
22,625,2
22,626,2
22,631,2
22,632,24
22,633,24
22,636,2
22,639,24
22,641,24
22,646,2
22,647,2
22,648,2
22,672,40
22,710,48
23,3,16
23,14,32
23,23,16
23,26,24
23,27,16
23,29,16
23,40,2
23,46,16
23,47,24
23,49,24
23,52,32
23,53,24
23,54,24
23,55,24
23,61,24
23,64,24
23,65,24
23,68,32
23,72,24
23,76,2
23,91,24
23,92,32
23,113,24
23,116,24
23,121,24
23,133,2
23,141,24
23,155,24
23,163,24
23,180,2
23,188,24
23,189,24
23,201,24
23,219,24
23,221,24
23,246,24
23,248,24
23,252,24
23,255,24
23,273,2
23,274,2
23,282,24
23,287,24
23,291,2
23,330,160
23,348,48
23,367,24
23,375,32
23,382,32
23,384,24
23,403,32
23,404,24
23,473,2
23,477,24
23,478,24
23,479,24
23,480,24
23,481,24
23,483,32
23,487,32
23,489,2
23,496,24
23,511,2
23,528,24
23,529,2
23,533,24
23,534,24
23,535,24
23,567,2
23,575,24
23,576,24
23,587,24
23,588,2
23,594,2
23,597,24
23,607,24
23,614,24
23,620,2
23,627,24
23,629,24
23,637,2
23,638,2
23,640,24
23,642,24
23,662,120
23,689,48
23,690,46
24,3,4
24,10,4
24,14,32
24,23,4
24,25,4
24,26,16
24,27,16
24,28,4
24,30,4
24,34,4
24,40,4
24,46,16
24,49,16
24,52,32
24,53,4
24,54,16
24,55,16
24,57,48
24,59,4
24,60,4
24,61,4
24,64,4
24,65,4
24,67,48
24,68,32
24,72,4
24,76,4
24,80,4
24,91,16
24,92,48
24,103,4
24,109,4
24,110,4
24,112,4
24,115,4
24,118,4
24,119,4
24,120,4
24,121,4
24,132,4
24,138,4
24,140,4
24,141,4
24,146,4
24,153,4
24,162,4
24,163,16
24,164,4
24,165,4
24,169,4
24,171,4
24,172,4
24,181,4
24,196,4
24,201,4
24,219,4
24,220,4
24,221,4
24,225,4
24,231,4
24,233,4
24,234,4
24,235,4
24,236,4
24,241,4
24,246,4
24,248,4
24,250,4
24,251,4
24,252,4
24,255,4
24,256,4
24,257,4
24,258,4
24,259,4
24,262,4
24,263,4
24,269,4
24,272,4
24,273,4
24,274,4
24,276,4
24,280,4
24,284,4
24,287,16
24,288,4
24,290,4
24,291,4
24,293,4
24,294,4
24,296,4
24,299,4
24,304,24
24,305,24
24,306,24
24,308,72
24,310,72
24,319,72
24,330,72
24,348,24
24,354,4
24,361,4
24,363,4
24,367,4
24,375,32
24,381,4
24,382,32
24,384,16
24,403,32
24,404,16
24,406,4
24,414,4
24,430,4
24,435,4
24,445,4
24,450,4
24,453,48
24,455,4
24,457,4
24,473,32
24,474,4
24,480,4
24,483,48
24,487,32
24,496,4
24,502,4
24,511,16
24,514,4
24,528,32
24,529,48
24,533,48
24,535,4
24,543,4
24,546,4
24,550,4
24,552,4
24,560,4
24,561,4
24,566,4
24,567,4
24,570,4
24,574,4
24,575,48
24,576,4
24,584,4
24,587,16
24,588,4
24,594,48
24,597,16
24,599,4
24,600,4
24,601,4
24,603,4
24,607,4
24,608,4
24,614,32
24,615,4
24,616,4
24,620,4
24,627,48
24,637,32
24,638,32
24,643,4
24,647,4
24,672,24
24,678,24
24,717,48
25,4,24
25,7,32
25,10,32
25,13,32
25,31,32
25,39,32
25,45,24
25,62,32
25,94,32
25,117,32
25,122,32
25,125,32
25,168,64
25,186,32
25,272,32
25,294,64
25,296,32
25,298,32
25,300,32
25,320,64
25,329,120
25,332,160
25,348,40
25,357,32
25,383,32
25,424,32
25,425,32
25,458,32
25,459,32
25,460,32
25,461,32
25,462,32
25,463,32
25,464,32
25,465,32
25,466,32
25,468,32
25,491,32
25,521,32
25,522,32
25,538,32
25,552,32
25,555,32
25,561,32
25,571,32
25,577,32
25,581,32
25,595,32
25,603,32
25,604,64
25,610,32
25,636,32
25,691,48
26,2,1
26,6,6
26,7,6
26,10,12
26,13,6
26,26,12
26,27,6
26,31,12
26,32,6
26,36,12
26,37,32
26,39,32
26,41,6
26,43,12
26,44,12
26,46,6
26,47,12
26,49,6
26,51,12
26,54,6
26,55,12
26,60,6
26,62,6
26,63,32
26,64,6
26,66,12
26,69,32
26,70,6
26,71,6
26,77,6
26,81,6
26,94,32
26,95,6
26,115,6
26,117,6
26,121,1
26,125,12
26,136,6
26,149,6
26,151,6
26,163,6
26,166,6
26,168,12
26,170,1
26,186,6
26,193,6
26,194,6
26,216,6
26,217,32
26,230,12
26,233,6
26,234,6
26,241,6
26,249,6
26,255,1
26,272,2
26,275,6
26,281,6
26,287,6
26,296,1
26,297,6
26,315,48
26,318,40
26,324,48
26,327,72
26,332,72
26,337,48
26,348,40
26,351,6
26,352,6
26,353,12
26,358,32
26,363,6
26,371,32
26,377,6
26,379,6
26,381,1
26,383,32
26,384,6
26,386,32
26,412,6
26,415,12
26,416,1
26,418,1
26,424,32
26,425,32
26,427,32
26,430,6
26,433,6
26,440,12
26,447,12
26,454,6
26,456,6
26,458,32
26,459,6
26,460,6
26,462,6
26,464,32
26,465,32
26,466,12
26,467,32
26,468,32
26,470,6
26,474,6
26,491,32
26,497,1
26,502,6
26,507,6
26,511,6
26,512,6
26,515,6
26,521,32
26,522,32
26,523,6
26,532,6
26,535,6
26,551,6
26,552,4
26,555,12
26,561,6
26,571,32
26,577,32
26,578,6
26,581,6
26,583,1
26,587,6
26,595,6
26,596,6
26,597,12
26,603,6
26,607,6
26,608,6
26,613,32
26,623,6
26,625,12
26,626,6
26,630,6
26,631,6
26,634,6
26,636,12
26,647,6
26,649,6
26,669,48
26,672,48
26,680,8
26,706,32
26,711,32
26,712,1
26,713,1
27,11,40
27,28,20
27,30,20
27,32,40
27,36,40
27,59,20
27,74,20
27,79,40
27,80,40
27,81,40
27,96,40
27,97,40
27,99,40
27,108,20
27,132,20
27,139,20
27,146,20
27,153,20
27,215,20
27,218,20
27,228,20
27,241,20
27,244,20
27,257,20
27,263,20
27,331,160
27,348,48
27,351,20
27,359,20
27,366,40
27,368,40
27,454,40
27,455,20
27,456,20
27,457,20
27,470,20
27,479,20
27,482,40
27,485,20
27,505,20
27,509,40
27,515,20
27,517,20
27,531,40
27,539,20
27,545,40
27,564,40
27,568,20
27,570,20
27,573,20
27,596,40
27,623,20
27,632,40
27,656,128
27,663,128
27,688,60
27,690,60
27,699,64
28,2,2
28,3,8
28,6,8
28,11,32
28,22,32
28,23,8
28,25,8
28,26,12
28,28,2
28,30,8
28,32,24
28,33,32
28,34,2
28,35,32
28,36,24
28,42,8
28,44,12
28,59,8
28,74,8
28,77,8
28,79,32
28,80,24
28,81,24
28,83,2
28,84,8
28,85,12
28,86,8
28,87,12
28,88,8
28,90,32
28,91,8
28,92,12
28,95,8
28,99,24
28,103,2
28,106,12
28,112,8
28,115,8
28,119,8
28,128,8
28,132,8
28,136,8
28,146,2
28,149,8
28,153,2
28,162,8
28,164,8
28,169,8
28,171,8
28,181,8
28,194,8
28,204,12
28,213,8
28,216,8
28,220,2
28,233,8
28,241,8
28,257,2
28,259,8
28,263,2
28,269,8
28,281,12
28,284,8
28,288,2
28,322,72
28,324,48
28,326,48
28,331,64
28,342,40
28,351,8
28,363,8
28,366,32
28,368,24
28,372,32
28,377,12
28,378,32
28,379,12
28,385,32
28,391,32
28,401,32
28,426,32
28,433,8
28,453,32
28,454,24
28,455,8
28,456,8
28,457,8
28,470,8
28,471,32
28,472,32
28,482,32
28,493,12
28,495,32
28,498,12
28,500,32
28,509,32
28,515,8
28,517,8
28,523,12
28,525,8
28,526,32
28,531,32
28,532,12
28,545,32
28,551,12
28,560,2
28,564,32
28,570,8
28,574,8
28,578,8
28,596,24
28,600,8
28,619,32
28,622,32
28,623,8
28,631,12
28,632,32
28,650,32
28,672,40
28,719,40
29,3,24
29,12,32
29,14,32
29,15,32
29,26,24
29,27,24
29,29,16
29,33,32
29,41,24
29,43,24
29,64,24
29,66,24
29,68,32
29,78,24
29,92,32
29,93,32
29,100,16
29,110,24
29,118,24
29,120,24
29,127,24
29,138,24
29,151,24
29,165,24
29,166,24
29,172,24
29,219,24
29,225,24
29,226,16
29,231,24
29,234,24
29,235,24
29,236,24
29,239,16
29,246,24
29,250,24
29,256,24
29,262,24
29,266,16
29,280,24
29,287,24
29,290,24
29,293,24
29,294,24
29,295,16
29,299,24
29,320,32
29,333,160
29,348,32
29,352,24
29,354,24
29,362,32
29,376,32
29,378,32
29,382,32
29,389,32
29,434,32
29,502,24
29,547,32
29,553,24
29,554,32
29,559,16
29,572,32
29,618,32
29,621,24
29,627,32
29,641,32
29,649,24
29,653,128
29,677,40
30,3,1
30,7,1
30,10,1
30,12,8
30,14,8
30,15,8
30,23,1
30,26,1
30,27,1
30,31,1
30,33,16
30,34,1
30,37,64
30,38,32
30,39,8
30,41,1
30,42,8
30,43,1
30,52,8
30,64,1
30,66,1
30,68,8
30,69,32
30,73,8
30,74,8
30,77,1
30,78,1
30,82,32
30,84,8
30,85,8
30,87,8
30,88,8
30,89,8
30,90,16
30,91,1
30,92,16
30,93,8
30,94,8
30,106,8
30,110,1
30,111,8
30,118,1
30,120,1
30,124,8
30,126,8
30,127,1
30,131,8
30,138,1
30,150,8
30,151,1
30,165,1
30,166,1
30,168,1
30,172,1
30,204,8
30,213,8
30,217,64
30,219,1
30,225,1
30,231,1
30,234,1
30,235,1
30,236,1
30,239,1
30,246,1
30,256,1
30,262,1
30,280,1
30,286,8
30,287,1
30,290,1
30,293,1
30,294,1
30,296,1
30,299,1
30,301,120
30,302,120
30,304,80
30,333,100
30,348,48
30,352,1
30,354,1
30,355,8
30,358,64
30,362,8
30,366,8
30,369,64
30,374,64
30,375,8
30,376,8
30,377,1
30,378,16
30,379,1
30,382,8
30,383,8
30,386,32
30,389,8
30,396,8
30,400,8
30,403,8
30,409,8
30,413,8
30,419,8
30,423,8
30,424,16
30,425,8
30,427,32
30,434,8
30,437,8
30,438,8
30,439,8
30,441,8
30,449,8
30,458,8
30,464,8
30,468,8
30,473,8
30,482,8
30,487,8
30,491,8
30,494,8
30,495,8
30,502,1
30,508,8
30,513,8
30,519,8
30,520,16
30,521,16
30,525,8
30,528,8
30,533,16
30,542,8
30,545,16
30,553,1
30,554,8
30,555,16
30,557,8
30,561,1
30,565,8
30,571,16
30,572,16
30,577,8
30,582,8
30,593,8
30,603,1
30,614,8
30,617,8
30,618,16
30,619,8
30,621,1
30,622,8
30,627,16
30,632,8
30,633,8
30,637,8
30,638,8
30,639,8
30,641,8
30,649,1
30,650,8
30,672,48
30,684,48
30,690,48
30,697,32
30,701,16
31,28,12
31,30,12
31,36,12
31,51,12
31,70,12
31,71,12
31,74,24
31,76,12
31,77,12
31,89,24
31,99,24
31,131,24
31,132,12
31,140,12
31,146,12
31,150,24
31,153,12
31,193,12
31,196,12
31,223,24
31,241,12
31,249,12
31,257,12
31,258,12
31,263,12
31,320,48
31,351,12
31,361,12
31,366,24
31,367,12
31,368,12
31,369,48
31,370,48
31,371,48
31,372,48
31,373,48
31,374,48
31,375,24
31,376,24
31,381,12
31,400,24
31,425,24
31,426,48
31,430,12
31,431,12
31,435,12
31,445,12
31,447,12
31,449,24
31,450,12
31,453,48
31,454,12
31,455,12
31,456,12
31,457,12
31,458,24
31,459,12
31,460,12
31,462,12
31,470,12
31,474,12
31,497,12
31,515,12
31,517,12
31,518,24
31,519,24
31,520,24
31,531,24
31,545,24
31,550,12
31,564,48
31,566,12
31,583,12
31,593,24
31,596,12
31,599,12
31,613,48
31,615,12
31,623,12
31,624,12
31,625,12
31,630,12
31,632,24
31,634,12
31,639,24
31,646,12
31,647,12
31,652,24
31,655,24
31,660,120
31,685,64
31,689,64
31,690,60
32,1,48
32,2,2
32,6,2
32,7,2
32,12,8
32,15,8
32,22,8
32,27,2
32,31,2
32,33,8
32,35,24
32,37,24
32,38,24
32,39,8
32,41,2
32,43,2
32,46,2
32,63,24
32,66,1
32,69,24
32,74,8
32,77,1
32,78,1
32,79,8
32,82,24
32,89,8
32,90,8
32,91,1
32,92,8
32,93,8
32,99,8
32,127,1
32,151,1
32,166,1
32,217,1
32,223,8
32,337,80
32,342,160
32,348,40
32,352,1
32,358,24
32,364,48
32,369,16
32,370,24
32,371,24
32,372,24
32,373,24
32,374,64
32,376,8
32,377,1
32,378,8
32,379,1
32,385,24
32,386,24
32,389,8
32,390,16
32,391,24
32,392,48
32,401,24
32,407,24
32,426,24
32,427,24
32,434,8
32,442,24
32,453,24
32,465,8
32,467,24
32,471,24
32,500,24
32,509,24
32,522,8
32,529,8
32,531,8
32,554,8
32,564,24
32,571,8
32,572,8
32,594,10
32,613,24
32,618,8
32,621,1
32,627,8
32,641,8
32,645,24
32,649,1
32,661,80
32,669,80
32,672,80
32,675,80
32,685,80
32,688,80
32,690,64
32,712,80
32,713,1
33,2,4
33,6,4
33,7,4
33,13,4
33,26,4
33,27,4
33,31,4
33,32,4
33,36,4
33,41,4
33,43,4
33,44,4
33,46,4
33,49,4
33,51,4
33,54,4
33,55,4
33,62,4
33,66,4
33,70,4
33,71,4
33,78,4
33,81,4
33,83,4
33,86,4
33,89,28
33,91,4
33,93,28
33,94,28
33,95,4
33,99,28
33,111,28
33,117,4
33,124,28
33,125,4
33,127,4
33,128,4
33,131,28
33,136,4
33,149,4
33,163,4
33,168,4
33,170,4
33,216,4
33,230,4
33,249,4
33,275,4
33,286,28
33,287,4
33,297,4
33,325,80
33,351,4
33,352,4
33,353,4
33,355,28
33,356,80
33,362,28
33,366,28
33,368,4
33,370,64
33,377,4
33,379,4
33,384,4
33,388,28
33,390,64
33,391,64
33,392,80
33,404,4
33,405,4
33,407,64
33,408,28
33,409,28
33,412,4
33,413,28
33,415,4
33,416,4
33,418,4
33,419,28
33,423,28
33,433,4
33,438,28
33,440,4
33,441,28
33,447,4
33,448,4
33,460,4
33,462,4
33,466,4
33,470,4
33,493,4
33,497,4
33,498,4
33,507,4
33,508,28
33,511,4
33,512,4
33,513,28
33,517,4
33,523,4
33,532,4
33,542,28
33,545,28
33,551,4
33,557,28
33,564,64
33,587,4
33,595,4
33,596,4
33,597,4
33,614,28
33,621,4
33,624,4
33,625,4
33,626,4
33,631,4
33,636,4
33,645,64
33,648,4
33,658,64
33,669,160
33,685,64
33,687,64
33,690,36
34,2,8
34,6,8
34,7,8
34,13,8
34,22,32
34,35,48
34,41,8
34,42,32
34,44,16
34,54,8
34,70,8
34,77,8
34,83,8
34,84,32
34,85,32
34,86,8
34,87,32
34,88,32
34,95,8
34,106,32
34,117,8
34,125,8
34,128,8
34,136,8
34,149,8
34,151,8
34,163,8
34,166,8
34,178,32
34,186,8
34,193,8
34,194,8
34,204,32
34,213,32
34,216,8
34,249,8
34,255,8
34,269,32
34,275,8
34,281,8
34,287,8
34,288,32
34,297,8
34,320,120
34,335,160
34,348,64
34,365,64
34,372,48
34,377,16
34,379,16
34,384,8
34,385,48
34,391,48
34,401,48
34,412,8
34,418,8
34,433,8
34,440,16
34,447,16
34,454,16
34,456,8
34,459,8
34,471,48
34,472,32
34,493,16
34,495,32
34,497,8
34,498,16
34,500,48
34,515,8
34,523,16
34,525,32
34,526,32
34,532,16
34,535,8
34,551,16
34,578,8
34,607,8
34,619,32
34,622,32
34,623,8
34,630,8
34,631,8
34,650,32
34,672,80
34,694,32
34,707,64
35,1,32
35,17,64
35,18,64
35,19,64
35,20,64
35,21,64
35,35,16
35,37,16
35,38,16
35,42,8
35,63,16
35,69,16
35,74,8
35,79,8
35,82,16
35,90,8
35,99,8
35,106,8
35,213,8
35,217,32
35,223,8
35,266,64
35,337,120
35,348,64
35,358,16
35,360,32
35,366,8
35,369,16
35,370,16
35,371,16
35,372,16
35,373,16
35,374,64
35,385,16
35,386,16
35,390,16
35,391,16
35,392,32
35,401,16
35,407,16
35,426,16
35,427,16
35,442,16
35,453,16
35,465,8
35,467,16
35,471,16
35,495,8
35,500,16
35,509,16
35,522,8
35,525,8
35,529,8
35,531,8
35,545,8
35,564,16
35,571,8
35,572,8
35,594,8
35,613,16
35,619,8
35,622,8
35,627,8
35,632,8
35,635,64
35,638,64
35,645,16
35,657,160
35,672,80
35,686,120
35,690,48
35,698,64
35,712,8
35,713,32
36,1,120
36,22,16
36,35,32
36,37,32
36,38,24
36,63,24
36,69,24
36,79,16
36,82,24
36,84,16
36,85,16
36,87,16
36,88,16
36,90,16
36,92,16
36,99,16
36,204,16
36,217,48
36,223,16
36,337,120
36,358,32
36,369,32
36,370,32
36,371,24
36,372,24
36,373,24
36,374,64
36,378,16
36,380,80
36,385,24
36,386,24
36,390,32
36,391,24
36,392,48
36,401,24
36,407,24
36,426,24
36,427,24
36,442,24
36,453,24
36,465,16
36,467,16
36,471,24
36,472,16
36,500,24
36,509,24
36,522,16
36,526,16
36,529,16
36,531,16
36,564,24
36,571,16
36,572,16
36,594,16
36,613,24
36,627,16
36,645,24
36,650,16
36,669,120
36,672,160
36,686,120
36,712,16
36,713,48
37,1,32
37,11,4
37,14,1
37,15,4
37,22,8
37,33,8
37,37,16
37,39,8
37,42,1
37,52,4
37,63,16
37,68,1
37,69,16
37,79,4
37,82,16
37,85,8
37,90,4
37,92,8
37,94,1
37,99,4
37,217,32
37,320,80
37,330,80
37,331,80
37,332,80
37,333,80
37,334,80
37,335,80
37,337,80
37,342,80
37,347,80
37,348,80
37,358,16
37,376,1
37,378,8
37,382,1
37,383,1
37,385,16
37,386,16
37,388,4
37,403,1
37,408,4
37,409,4
37,419,4
37,423,1
37,424,4
37,427,16
37,437,4
37,438,4
37,443,6
37,464,1
37,465,4
37,467,16
37,468,1
37,472,4
37,473,1
37,482,1
37,483,4
37,487,1
37,491,1
37,518,4
37,520,4
37,521,4
37,522,4
37,526,4
37,528,1
37,531,4
37,533,4
37,545,4
37,555,4
37,565,1
37,571,4
37,572,4
37,575,4
37,577,1
37,582,4
37,594,4
37,618,4
37,619,4
37,627,4
37,657,80
37,661,80
37,669,80
37,672,80
37,686,80
37,687,80
37,688,80
37,689,80
37,708,80
37,712,4
37,713,32
38,1,32
38,35,24
38,37,24
38,38,16
38,57,32
38,63,80
38,67,32
38,69,16
38,79,8
38,82,16
38,90,8
38,99,8
38,217,32
38,223,8
38,358,24
38,364,32
38,369,16
38,370,24
38,371,24
38,372,16
38,373,24
38,374,32
38,380,32
38,385,16
38,386,16
38,390,24
38,391,16
38,392,32
38,401,64
38,407,46
38,424,8
38,426,20
38,427,32
38,442,120
38,443,8
38,453,40
38,465,8
38,467,72
38,471,48
38,500,72
38,509,40
38,518,8
38,520,8
38,522,8
38,529,8
38,531,8
38,555,8
38,564,48
38,571,8
38,572,8
38,594,8
38,613,148
38,627,8
38,645,72
38,703,32
38,704,16
38,705,32
38,706,32
38,707,24
38,708,32
38,709,16
38,710,32
38,711,16
38,712,90
38,713,32
38,714,16
38,715,16
38,716,32
38,717,24
38,718,16
39,9,72
39,17,1
39,18,1
39,19,1
39,20,1
39,21,1
39,24,72
39,58,72
39,123,72
39,167,80
39,192,72
39,289,72
39,338,48
39,343,100
39,387,72
39,394,80
39,395,72
39,397,70
39,398,80
39,399,70
39,402,80
39,411,80
39,428,75
39,469,80
39,475,80
39,484,80
39,499,80
39,504,72
39,527,80
39,547,80
39,548,72
39,635,80
